{
    "No Defense (Baseline)": {
        "naive": {
            "top1": 0.6861111111111111,
            "top3": 0.7138888888888889,
            "top5": 0.7194444444444444
        },
        "adaptive": {
            "top1": 0.9166666666666666,
            "top3": 0.9166666666666666,
            "top5": 0.9166666666666666
        }
    },
    "IID Noise (sigma=0.5)": {
        "naive": {
            "top1": 0.375,
            "top3": 0.3972222222222222,
            "top5": 0.4027777777777778
        },
        "adaptive": {
            "top1": 0.9055555555555556,
            "top3": 0.9166666666666666,
            "top5": 0.9166666666666666
        }
    },
    "Drift Noise (sigma=0.3)": {
        "naive": {
            "top1": 0.6027777777777777,
            "top3": 0.7083333333333334,
            "top5": 0.7194444444444444
        },
        "adaptive": {
            "top1": 0.8972222222222223,
            "top3": 0.9138888888888889,
            "top5": 0.9166666666666666
        }
    },
    "Quantization (step=1.0)": {
        "naive": {
            "top1": 0.6361111111111111,
            "top3": 0.7138888888888889,
            "top5": 0.7138888888888889
        },
        "adaptive": {
            "top1": 0.9166666666666666,
            "top3": 0.9166666666666666,
            "top5": 0.9166666666666666
        }
    },
    "CASOM Block Offset (sigma=0.5)": {
        "naive": {
            "top1": 0.005555555555555556,
            "top3": 0.008333333333333333,
            "top5": 0.013888888888888888
        },
        "adaptive": {
            "top1": 0.49722222222222223,
            "top3": 0.6638888888888889,
            "top5": 0.7222222222222222
        }
    }
}